image,mos
100.bmp,0.32561
101.bmp,0.6636
102.bmp,0.44695
103.bmp,0.39235
104.bmp,0.092291
105.bmp,0.41331
106.bmp,0.68922
107.bmp,0.27958
108.bmp,0.75352
109.bmp,0.50638
10.bmp,0.82911
110.bmp,0.32137
111.bmp,0.51842
112.bmp,0.30319
113.bmp,0.68217
114.bmp,0.24871
115.bmp,0.31294
116.bmp,0.26098
117.bmp,0.70433
118.bmp,0.26531
119.bmp,0.51317
11.bmp,0.60947
120.bmp,0.18785
121.bmp,0.1975
122.bmp,0.79367
123.bmp,0.67298
124.bmp,0.70995
125.bmp,0.81905
126.bmp,0.52843
127.bmp,0.41427
128.bmp,0.48814
129.bmp,0.72883
12.bmp,0.15895
130.bmp,0.86609
131.bmp,0.48529
132.bmp,0.73026
133.bmp,0.27006
134.bmp,0.32309
135.bmp,0.65943
136.bmp,0.67163
137.bmp,0.59842
138.bmp,0.67587
139.bmp,0.61929
13.bmp,0.77402
140.bmp,0.77458
141.bmp,0.20582
142.bmp,0.26406
143.bmp,0.61149
144.bmp,0.76924
145.bmp,0.55592
146.bmp,0.34211
147.bmp,0.71323
148.bmp,0.41971
149.bmp,0.72457
14.bmp,0.66394
150.bmp,0.65796
151.bmp,0.55779
152.bmp,0.79438
153.bmp,0.73088
154.bmp,0.11977
155.bmp,0.73639
156.bmp,0.28513
157.bmp,0.17519
158.bmp,0.79417
159.bmp,0.73834
15.bmp,0.56399
160.bmp,0.41347
161.bmp,0.082468
162.bmp,0.70638
163.bmp,0.46369
164.bmp,0.805
165.bmp,0.71863
166.bmp,0.49796
167.bmp,0.75178
168.bmp,0.65418
169.bmp,0.30109
16.bmp,0.77602
170.bmp,0.60288
171.bmp,0.25136
172.bmp,0.63045
173.bmp,0.74541
174.bmp,0.7291
175.bmp,0.74365
176.bmp,0.61345
177.bmp,0.5843
178.bmp,0.53702
179.bmp,0.66108
17.bmp,0.61462
180.bmp,0.39413
181.bmp,0.29128
182.bmp,0.52631
183.bmp,0.23012
184.bmp,0.67
185.bmp,0.5647
186.bmp,0.49808
187.bmp,0.28712
188.bmp,0.2896
189.bmp,0.46054
18.bmp,0.64552
190.bmp,0.31729
191.bmp,0.46475
192.bmp,0.35484
193.bmp,0.74661
194.bmp,0.26667
195.bmp,0.69184
196.bmp,0.61789
197.bmp,0.55482
198.bmp,0.78517
199.bmp,0.66212
19.bmp,0.30936
200.bmp,0.091391
201.bmp,0.495
202.bmp,0.24515
203.bmp,0.50994
204.bmp,0.75482
205.bmp,0.7796
206.bmp,0.72591
207.bmp,0.43669
208.bmp,0.53841
209.bmp,0.52291
20.bmp,0.76385
210.bmp,0.70542
211.bmp,0.42686
212.bmp,0.61713
213.bmp,0.13114
214.bmp,0.73111
215.bmp,0.57191
216.bmp,0.75179
217.bmp,0.68147
218.bmp,0.67989
219.bmp,0.48803
21.bmp,0.53021
220.bmp,0.67282
221.bmp,0.8416
222.bmp,0.59257
223.bmp,0.68311
224.bmp,0.14638
225.bmp,0.64053
226.bmp,0.49476
227.bmp,0.72708
228.bmp,0.411
229.bmp,0.57667
22.bmp,0.52
230.bmp,0.43247
231.bmp,0.45371
232.bmp,0.81769
233.bmp,0.81256
234.bmp,0.64681
235.bmp,0.53152
236.bmp,0.30983
237.bmp,0.68824
238.bmp,0.59032
239.bmp,0.034976
23.bmp,0.77114
240.bmp,0.5308
241.bmp,0.5945
242.bmp,0.43882
243.bmp,0.34123
244.bmp,0.56445
245.bmp,0.10727
246.bmp,0.5203
247.bmp,0.74272
248.bmp,0.74949
249.bmp,0.73185
24.bmp,0.35836
250.bmp,0.50575
251.bmp,0.61777
252.bmp,0.39154
253.bmp,0.46708
254.bmp,0.4878
255.bmp,0.57243
256.bmp,0.70324
257.bmp,0.71796
258.bmp,0.6836
259.bmp,0.61613
25.bmp,0.71901
260.bmp,0.4909
261.bmp,0.85216
262.bmp,0.62286
263.bmp,0.27154
264.bmp,0.39019
265.bmp,0.60152
266.bmp,0.61791
267.bmp,0.70742
268.bmp,0.75642
269.bmp,0.62079
26.bmp,0.78612
270.bmp,0.21574
271.bmp,0.83062
272.bmp,0.44399
273.bmp,0.65325
274.bmp,0.50188
275.bmp,0.47027
276.bmp,0.71636
277.bmp,0.68411
278.bmp,0.28104
279.bmp,0.70645
27.bmp,0.63289
280.bmp,0.34095
281.bmp,0.43571
282.bmp,0.4571
283.bmp,0.20168
284.bmp,0.66915
285.bmp,0.56077
286.bmp,0.40741
287.bmp,0.30912
288.bmp,0.47798
289.bmp,0.43458
28.bmp,0.61014
290.bmp,0.35812
291.bmp,0.30917
292.bmp,0.43547
293.bmp,0.40672
294.bmp,0.12834
295.bmp,0.72469
296.bmp,0.38379
297.bmp,0.27072
298.bmp,0.49637
299.bmp,0.56397
29.bmp,0.38506
300.bmp,0.4126
301.bmp,0.74788
302.bmp,0.63908
303.bmp,0.51138
304.bmp,0.87366
305.bmp,0.67199
306.bmp,0.51173
307.bmp,0.13719
308.bmp,0.44929
309.bmp,0.19376
30.bmp,0.35104
310.bmp,0.69671
311.bmp,0.22656
312.bmp,0.56678
313.bmp,0.49247
314.bmp,0.52792
315.bmp,0.69937
316.bmp,0.49302
317.bmp,0.34267
318.bmp,0.35169
319.bmp,0.76291
31.bmp,0.53552
320.bmp,0.77071
321.bmp,0.44263
322.bmp,0.53479
323.bmp,0.65391
324.bmp,0.77927
325.bmp,0.52354
326.bmp,0.46908
327.bmp,0.5842
328.bmp,0.82539
329.bmp,0.063934
32.bmp,0.68789
330.bmp,0.67724
331.bmp,0.67189
332.bmp,0.80591
333.bmp,0.51093
334.bmp,0.5839
335.bmp,0.43864
336.bmp,0.47379
337.bmp,0.1176
338.bmp,0.86602
339.bmp,0.62318
33.bmp,0.51552
340.bmp,0.27962
341.bmp,0.08933
342.bmp,0.67687
343.bmp,0.66862
344.bmp,0.79802
345.bmp,0.41339
346.bmp,0.58917
347.bmp,0.58652
348.bmp,0.30538
349.bmp,0.69283
34.bmp,0.34255
350.bmp,0.58655
351.bmp,0.71029
352.bmp,0.52031
353.bmp,0.68099
354.bmp,0.52682
355.bmp,0.76276
356.bmp,0.43202
357.bmp,0.64552
358.bmp,0.50668
359.bmp,0.62924
35.bmp,0.3438
360.bmp,0.24971
361.bmp,0.67382
362.bmp,0.44562
363.bmp,0.36521
364.bmp,0.23165
365.bmp,0.43883
366.bmp,0.53866
367.bmp,0.50135
368.bmp,0.52922
369.bmp,0.43329
36.bmp,0.57377
370.bmp,0.28344
371.bmp,0.66578
372.bmp,0.68032
373.bmp,0.59628
374.bmp,0.43187
375.bmp,0.2403
376.bmp,0.23213
377.bmp,0.74206
378.bmp,0.71506
379.bmp,0.61317
37.bmp,0.64618
380.bmp,0.79114
381.bmp,0.63761
382.bmp,0.82111
383.bmp,0.69703
384.bmp,0.35038
385.bmp,0.56614
386.bmp,0.40727
387.bmp,0.74018
388.bmp,0.58376
389.bmp,0.64448
38.bmp,0.30151
390.bmp,0.59006
391.bmp,0.82775
392.bmp,0.8184
393.bmp,0.69756
394.bmp,0.48547
395.bmp,0.53833
396.bmp,0.68149
397.bmp,0.51665
398.bmp,0.36896
399.bmp,0.65922
39.bmp,0.73279
3.bmp,0.44446
400.bmp,0.5864
401.bmp,0.54405
402.bmp,0.76846
403.bmp,0.71257
404.bmp,0.76097
405.bmp,0.38123
406.bmp,0.79703
407.bmp,0.55462
408.bmp,0.3314
409.bmp,0.67596
40.bmp,0.34098
410.bmp,0.58305
411.bmp,0.17957
412.bmp,0.56434
413.bmp,0.33011
414.bmp,0.45862
415.bmp,0.16904
416.bmp,0.79768
417.bmp,0.72093
418.bmp,0.66921
419.bmp,0.71898
41.bmp,0.59665
420.bmp,0.55995
421.bmp,0.74166
422.bmp,0.62251
423.bmp,0.71564
424.bmp,0.59481
425.bmp,0.6417
426.bmp,0.67401
427.bmp,0.52686
428.bmp,0.37915
429.bmp,0.13006
42.bmp,0.63335
430.bmp,0.62615
431.bmp,0.46416
432.bmp,0.61948
433.bmp,0.34497
434.bmp,0.58762
435.bmp,0.4988
436.bmp,0.57381
437.bmp,0.65199
438.bmp,0.57333
439.bmp,0.18938
43.bmp,0.18478
440.bmp,0.60211
441.bmp,0.65838
442.bmp,0.71056
443.bmp,0.17006
444.bmp,0.83177
445.bmp,0.47244
446.bmp,0.13126
447.bmp,0.25331
448.bmp,0.61538
449.bmp,0.411
44.bmp,0.72039
450.bmp,0.63196
451.bmp,0.69387
452.bmp,0.62465
453.bmp,0.38191
454.bmp,0.46859
455.bmp,0.75577
456.bmp,0.7908
457.bmp,0.44447
458.bmp,0.076881
459.bmp,0.77201
45.bmp,0.56095
460.bmp,0.060433
461.bmp,0.7578
462.bmp,0.65533
463.bmp,0.72923
464.bmp,0.55775
465.bmp,0.69207
466.bmp,0.76409
467.bmp,0.57644
468.bmp,0.073696
469.bmp,0.58547
46.bmp,0.1522
470.bmp,0.5941
471.bmp,0.5014
472.bmp,0.5378
473.bmp,0.65174
474.bmp,0.22545
475.bmp,0.64089
476.bmp,0.54162
477.bmp,0.75522
478.bmp,0.60011
479.bmp,0.66014
47.bmp,0.495
480.bmp,0.5278
481.bmp,0.50093
482.bmp,0.51831
483.bmp,0.45203
484.bmp,0.67783
485.bmp,0.5386
486.bmp,0.70756
487.bmp,0.62345
488.bmp,0.57465
489.bmp,0.12933
48.bmp,0.81345
490.bmp,0.67617
491.bmp,0.56477
493.bmp,0.27539
494.bmp,0.85217
495.bmp,0.57098
496.bmp,0.65503
497.bmp,0.32561
498.bmp,0.35642
499.bmp,0.80863
49.bmp,0.51899
4.bmp,0.31978
500.bmp,0.68453
501.bmp,0.37864
502.bmp,0.71483
503.bmp,0.27205
504.bmp,0.56186
505.bmp,0.6309
506.bmp,0.73075
507.bmp,0.78804
508.bmp,0.63071
509.bmp,0.40486
50.bmp,0.62138
510.bmp,0.78629
511.bmp,0.27842
512.bmp,0.43281
513.bmp,0.7037
514.bmp,0.75688
515.bmp,0.76237
516.bmp,0.52429
517.bmp,0.38235
518.bmp,0.59421
519.bmp,0.62566
51.bmp,0.82283
520.bmp,0.59005
521.bmp,0.52011
522.bmp,0.6479
523.bmp,0.17975
524.bmp,0.48273
525.bmp,0.78819
526.bmp,0.67128
527.bmp,0.71882
528.bmp,0.70048
529.bmp,0.50592
52.bmp,0.69579
530.bmp,0.14178
531.bmp,0.59475
532.bmp,0.27698
53.bmp,0.42795
54.bmp,0.20349
55.bmp,0.83283
56.bmp,0.10669
57.bmp,0.61558
58.bmp,0.075
59.bmp,0.44731
5.bmp,0.62256
60.bmp,0.74183
61.bmp,0.37756
62.bmp,0.54459
63.bmp,0.7287
64.bmp,0.41861
65.bmp,0.60523
66.bmp,0.47883
67.bmp,0.64799
68.bmp,0.39805
69.bmp,0.40392
6.bmp,0.51872
70.bmp,0.58216
71.bmp,0.48626
72.bmp,0.65111
73.bmp,0.81126
74.bmp,0.57403
75.bmp,0.56246
76.bmp,0.76095
77.bmp,0.71521
78.bmp,0.69647
79.bmp,0.54422
7.bmp,0.049378
80.bmp,0.56427
81.bmp,0.30146
82.bmp,0.36153
83.bmp,0.55259
84.bmp,0.56107
85.bmp,0.68602
86.bmp,0.50122
87.bmp,0.40871
88.bmp,0.72314
89.bmp,0.32103
8.bmp,0.42412
90.bmp,0.37049
91.bmp,0.66617
92.bmp,0.6482
93.bmp,0.398
94.bmp,0.66096
95.bmp,0.75329
96.bmp,0.63075
97.bmp,0.56356
98.bmp,0.71769
99.bmp,0.11726
9.bmp,0.77903
533.JPG,0.73624
534.JPG,0.5271
535.JPG,0.29503
536.JPG,0.40397
537.JPG,0.63148
538.JPG,0.6253
539.JPG,0.64118
540.JPG,0.35552
541.JPG,0.52552
542.JPG,0.51901
543.JPG,0.68056
544.JPG,0.5999
545.JPG,0.6075
546.JPG,0.7853
547.JPG,0.21236
548.JPG,0.6948
549.JPG,0.65429
550.JPG,0.25906
551.JPG,0.77288
552.JPG,0.61093
553.JPG,0.78808
554.JPG,0.6507
555.JPG,0.78679
556.JPG,0.70206
557.JPG,0.65263
558.JPG,0.44413
559.JPG,0.72851
560.JPG,0.48699
561.JPG,0.45418
562.JPG,0.50259
563.JPG,0.6589
564.JPG,0.35273
565.JPG,0.21801
566.JPG,0.74339
567.JPG,0.61167
568.JPG,0.67978
569.JPG,0.72105
570.JPG,0.43119
571.JPG,0.73486
572.JPG,0.29583
573.JPG,0.47325
574.JPG,0.52738
575.JPG,0.75182
576.JPG,0.80362
577.JPG,0.76118
578.JPG,0.78104
579.JPG,0.68421
580.JPG,0.63581
581.JPG,0.41681
582.JPG,0.65551
583.JPG,0.58395
584.JPG,0.80936
585.JPG,0.60016
586.JPG,0.57011
587.JPG,0.66696
588.JPG,0.67524
589.JPG,0.8147
590.JPG,0.84814
591.JPG,0.78136
592.JPG,0.57855
593.JPG,0.73069
594.JPG,0.68809
595.JPG,0.082034
596.JPG,0.49408
597.JPG,0.63048
598.JPG,0.45303
599.JPG,0.56193
600.JPG,0.48516
601.JPG,0.60946
602.JPG,0.42765
603.JPG,0.66682
604.JPG,0.74629
605.JPG,0.50951
606.JPG,0.31497
607.JPG,0.48284
608.JPG,0.59988
609.JPG,0.65455
610.JPG,0.65493
611.JPG,0.38489
612.JPG,0.71006
613.JPG,0.53302
614.JPG,0.58158
615.JPG,0.40128
616.JPG,0.81838
617.JPG,0.79833
618.JPG,0.74907
619.JPG,0.42335
620.JPG,0.48856
621.JPG,0.69878
622.JPG,0.78333
623.JPG,0.45808
624.JPG,0.71166
625.JPG,0.61495
626.JPG,0.32322
627.JPG,0.50587
628.JPG,0.3177
629.JPG,0.46466
630.JPG,0.55994
631.JPG,0.70658
632.JPG,0.21143
633.JPG,0.26202
634.JPG,0.16135
635.JPG,0.63762
636.JPG,0.64518
637.JPG,0.31456
638.JPG,0.49641
639.JPG,0.4396
640.JPG,0.43538
641.JPG,0.45509
642.JPG,0.49171
643.JPG,0.73946
644.JPG,0.35379
645.JPG,0.43019
646.JPG,0.59365
647.JPG,0.66994
648.JPG,0.27839
649.JPG,0.53776
650.JPG,0.71364
651.JPG,0.30725
652.JPG,0.065207
653.JPG,0.15647
654.JPG,0.71801
655.JPG,0.12563
656.JPG,0.54194
657.JPG,0.16601
658.JPG,0.77079
659.JPG,0.19492
660.JPG,0.63543
661.JPG,0.19804
662.JPG,0.19554
663.JPG,0.23058
664.JPG,0.52139
665.JPG,0.60043
666.JPG,0.15583
667.JPG,0.55032
668.JPG,0.092083
669.JPG,0.098276
670.JPG,0.34944
671.JPG,0.062242
672.JPG,0.099097
673.JPG,0.0342
674.JPG,0.68112
675.JPG,0.38184
676.JPG,0.14962
677.JPG,0.084778
678.JPG,0.04865
679.JPG,0.070785
680.JPG,0.10442
681.JPG,0.18596
682.JPG,0.40075
683.JPG,0.37339
684.JPG,0.27853
685.JPG,0.60098
686.JPG,0.29476
687.JPG,0.49127
688.JPG,0.6679
689.JPG,0.12556
690.JPG,0.77828
691.JPG,0.37254
692.JPG,0.25238
693.JPG,0.43703
694.JPG,0.097389
695.JPG,0.27661
696.JPG,0.30163
697.JPG,0.4802
698.JPG,0.048462
699.JPG,0.77746
700.JPG,0.052778
701.JPG,0.17488
702.JPG,0.043439
703.JPG,0.19174
704.JPG,0.17023
705.JPG,0.48205
706.JPG,0.45569
707.JPG,0.18006
708.JPG,0.72444
709.JPG,0.61933
710.JPG,0.53831
711.JPG,0.57926
712.JPG,0.86347
713.JPG,0.46413
714.JPG,0.31833
715.JPG,0.88341
716.JPG,0.90245
717.JPG,0.66537
718.JPG,0.46424
719.JPG,0.82613
720.JPG,0.62109
721.JPG,0.80699
722.JPG,0.27964
723.JPG,0.23538
724.JPG,0.30737
725.JPG,0.36963
726.JPG,0.45524
727.JPG,0.315
728.JPG,0.8348
729.JPG,0.77487
730.JPG,0.46875
731.JPG,0.45335
732.JPG,0.23647
733.JPG,0.19644
734.JPG,0.043081
735.JPG,0.54426
736.JPG,0.76904
737.JPG,0.43986
738.JPG,0.69423
739.JPG,0.83921
740.JPG,0.69287
741.JPG,0.59829
742.JPG,0.056587
743.JPG,0.72952
744.JPG,0.694
745.JPG,0.69534
746.JPG,0.76984
747.JPG,0.64503
748.JPG,0.79503
749.JPG,0.81585
750.JPG,0.57525
751.JPG,0.25774
752.JPG,0.6063
753.JPG,0.83845
754.JPG,0.44143
755.JPG,0.64962
756.JPG,0.87371
757.JPG,0.65603
758.JPG,0.76218
759.JPG,0.75471
760.JPG,0.48168
761.JPG,0.72921
762.JPG,0.74398
763.JPG,0.6548
764.JPG,0.77178
765.JPG,0.82073
766.JPG,0.76256
767.JPG,0.85524
768.JPG,0.83416
769.JPG,0.80333
770.JPG,0.87582
771.JPG,0.7354
772.JPG,0.12796
773.JPG,0.82563
774.JPG,0.84781
775.JPG,0.83621
776.JPG,0.91078
777.JPG,0.78024
778.JPG,0.81552
779.JPG,0.80934
780.JPG,0.92432
781.JPG,0.88918
782.JPG,0.49651
783.JPG,0.77066
784.JPG,0.82976
785.JPG,0.9055
786.JPG,0.8341
787.JPG,0.41331
788.JPG,0.36816
789.JPG,0.74517
790.JPG,0.71682
791.JPG,0.60131
792.JPG,0.79395
793.JPG,0.66107
794.JPG,0.77438
795.JPG,0.79614
796.JPG,0.68548
797.JPG,0.24514
798.JPG,0.61056
799.JPG,0.69615
800.JPG,0.095515
801.JPG,0.64282
802.JPG,0.087225
803.JPG,0.21495
804.JPG,0.21193
805.JPG,0.40708
806.JPG,0.85977
807.JPG,0.71492
808.JPG,0.83363
809.JPG,0.74688
810.JPG,0.59936
811.JPG,0.76804
812.JPG,0.6461
813.JPG,0.37023
814.JPG,0.25472
815.JPG,0.32456
816.JPG,0.16027
817.JPG,0.14305
818.JPG,0.2177
819.JPG,0.082755
820.JPG,0.78331
821.JPG,0.50976
822.JPG,0.24937
823.JPG,0.13029
824.JPG,0.12899
825.JPG,0.44469
826.JPG,0.76109
827.JPG,0.82478
828.JPG,0.68981
829.JPG,0.26605
830.JPG,0.77358
831.JPG,0.3624
832.JPG,0.34946
833.JPG,0.21723
834.JPG,0.66665
835.JPG,0.59176
836.JPG,0.6168
837.JPG,0.21768
838.JPG,0.26239
839.JPG,0.22708
840.JPG,0.71327
841.JPG,0.6348
842.JPG,0.72789
843.JPG,0.28704
844.JPG,0.91436
845.JPG,0.34787
846.JPG,0.70656
847.JPG,0.60785
848.JPG,0.79593
849.JPG,0.80982
850.JPG,0.84081
851.JPG,0.70608
852.JPG,0.26643
853.JPG,0.8368
854.JPG,0.65006
855.JPG,0.80077
856.JPG,0.20834
857.JPG,0.79081
858.JPG,0.76662
859.JPG,0.49205
860.JPG,0.74944
861.JPG,0.6791
862.JPG,0.27135
863.JPG,0.66282
864.JPG,0.45923
865.JPG,0.80211
866.JPG,0.80695
867.JPG,0.57977
868.JPG,0.23301
869.JPG,0.12044
870.JPG,0.28776
871.JPG,0.34419
872.JPG,0.14216
873.JPG,0.26296
874.JPG,0.065249
875.JPG,0.3713
876.JPG,0.37401
877.JPG,0.87848
878.JPG,0.7226
879.JPG,0.615
880.JPG,0.65083
881.JPG,0.43274
882.JPG,0.83545
883.JPG,0.83462
884.JPG,0.29473
885.JPG,0.27889
886.JPG,0.72926
887.JPG,0.50294
888.JPG,0.52103
889.JPG,0.28176
890.JPG,0.62944
891.JPG,0.72046
892.JPG,0.7506
893.JPG,0.61166
894.JPG,0.45469
895.JPG,0.43432
896.JPG,0.56135
897.JPG,0.57718
898.JPG,0.51659
899.JPG,0.73963
900.JPG,0.70706
901.JPG,0.22013
902.JPG,0.78708
903.JPG,0.67176
904.JPG,0.58022
905.JPG,0.70369
906.JPG,0.6387
907.JPG,0.13971
908.JPG,0.73242
909.JPG,0.77426
910.JPG,0.61425
911.JPG,0.70287
912.JPG,0.38399
913.JPG,0.75541
914.JPG,0.67473
915.JPG,0.77246
916.JPG,0.78025
917.JPG,0.707
918.JPG,0.73375
919.JPG,0.69126
920.JPG,0.75869
921.JPG,0.74649
922.JPG,0.81852
923.JPG,0.75155
924.JPG,0.10177
925.JPG,0.47331
926.JPG,0.49099
927.JPG,0.57722
928.JPG,0.58994
929.JPG,0.38563
930.JPG,0.50351
931.JPG,0.59432
932.JPG,0.60246
933.JPG,0.7318
934.JPG,0.71832
935.JPG,0.70521
936.JPG,0.76471
937.JPG,0.79494
938.JPG,0.49392
939.JPG,0.67615
940.JPG,0.61884
941.JPG,0.60547
942.JPG,0.53637
943.JPG,0.62253
944.JPG,0.34292
945.JPG,0.70295
946.JPG,0.74025
947.JPG,0.77451
948.JPG,0.24204
949.JPG,0.25437
950.JPG,0.74462
951.JPG,0.75983
952.JPG,0.42423
953.JPG,0.58798
954.JPG,0.62796
955.JPG,0.54618
956.JPG,0.77428
957.JPG,0.32628
958.JPG,0.64988
959.JPG,0.49873
960.JPG,0.44688
961.JPG,0.048075
962.JPG,0.61927
963.JPG,0.78842
964.JPG,0.63641
965.JPG,0.71815
966.JPG,0.69378
967.JPG,0.72843
968.JPG,0.65039
969.JPG,0.80552
970.JPG,0.68914
971.JPG,0.80101
972.JPG,0.68854
973.JPG,0.73308
974.JPG,0.69613
975.JPG,0.56696
976.JPG,0.74226
977.JPG,0.66943
978.JPG,0.44955
979.JPG,0.49452
980.JPG,0.65364
981.JPG,0.56371
982.JPG,0.4468
983.JPG,0.74819
984.JPG,0.46784
985.JPG,0.34976
986.JPG,0.61101
987.JPG,0.81037
988.JPG,0.54803
989.JPG,0.78513
990.JPG,0.86213
991.JPG,0.37425
992.JPG,0.58947
993.JPG,0.46769
994.JPG,0.65461
995.JPG,0.83432
996.JPG,0.6102
997.JPG,0.6545
998.JPG,0.50831
999.JPG,0.49067
1000.JPG,0.56512
1001.JPG,0.53557
1002.JPG,0.40672
1003.JPG,0.30489
1004.JPG,0.64321
1005.JPG,0.6235
1006.JPG,0.66214
1007.JPG,0.63146
1008.JPG,0.57843
1009.JPG,0.56157
1010.JPG,0.4667
1011.JPG,0.54174
1012.JPG,0.75874
1013.JPG,0.381
1014.JPG,0.5881
1015.JPG,0.6396
1016.JPG,0.65635
1017.JPG,0.29968
1018.JPG,0.4244
1019.JPG,0.62962
1020.JPG,0.55149
1021.JPG,0.73867
1022.JPG,0.51309
1023.JPG,0.72646
1024.JPG,0.42771
1025.JPG,0.7203
1026.JPG,0.72516
1027.JPG,0.79939
1028.JPG,0.76163
1029.JPG,0.81516
1030.JPG,0.72757
1031.JPG,0.67456
1032.JPG,0.77555
1033.JPG,0.69788
1034.JPG,0.75758
1035.JPG,0.67505
1036.JPG,0.75582
1037.JPG,0.48915
1038.JPG,0.21876
1039.JPG,0.59661
1040.JPG,0.56143
1041.JPG,0.75928
1042.JPG,0.25929
1043.JPG,0.73312
1044.JPG,0.82302
1045.JPG,0.80484
1046.JPG,0.61074
1047.JPG,0.3776
1048.JPG,0.57856
1049.JPG,0.81219
1050.JPG,0.7206
1051.JPG,0.57327
1052.JPG,0.5462
1053.JPG,0.72489
1054.JPG,0.77248
1055.JPG,0.64233
1056.JPG,0.39627
1057.JPG,0.49444
1058.JPG,0.60217
1059.JPG,0.55384
1060.JPG,0.61219
1061.JPG,0.73
1062.JPG,0.83116
1063.JPG,0.66675
1064.JPG,0.76081
1065.JPG,0.68564
1066.JPG,0.39392
1067.JPG,0.49327
1068.JPG,0.56733
1069.JPG,0.84044
1070.JPG,0.58771
1071.JPG,0.66
1072.JPG,0.75253
1073.JPG,0.74747
1074.JPG,0.82205
1075.JPG,0.66611
1076.JPG,0.70632
1077.JPG,0.71275
1078.JPG,0.61933
1079.JPG,0.26661
1080.JPG,0.59636
1081.JPG,0.52195
1082.JPG,0.65284
1083.JPG,0.70267
1084.JPG,0.78186
1085.JPG,0.83375
1086.JPG,0.82313
1087.JPG,0.72833
1088.JPG,0.49957
1089.JPG,0.80183
1090.JPG,0.53879
1091.JPG,0.73062
1092.JPG,0.77903
1093.JPG,0.59984
1094.JPG,0.56868
1095.JPG,0.76264
1096.JPG,0.8606
1097.JPG,0.82513
1098.JPG,0.10761
1099.JPG,0.74615
1100.JPG,0.76286
1101.JPG,0.78796
1102.JPG,0.64369
1103.JPG,0.57701
1104.JPG,0.50814
1105.JPG,0.75634
1106.JPG,0.66523
1107.JPG,0.78416
1108.JPG,0.73279
1109.JPG,0.69589
1110.JPG,0.5
1111.JPG,0.80632
1112.JPG,0.43593
1113.JPG,0.31641
1114.JPG,0.76963
1115.JPG,0.64005
1116.JPG,0.49989
1117.JPG,0.52429
1118.JPG,0.53645
1119.JPG,0.57431
1120.JPG,0.7478
1121.JPG,0.76967
1122.JPG,0.55012
1123.JPG,0.49617
1124.JPG,0.772
1125.JPG,0.61606
1126.JPG,0.72093
1127.JPG,0.80629
1128.JPG,0.70074
1129.JPG,0.55914
1130.JPG,0.46039
1131.JPG,0.72547
1132.JPG,0.50418
1133.JPG,0.6433
1134.JPG,0.65901
1135.JPG,0.4039
1136.JPG,0.66411
1137.JPG,0.77017
1138.JPG,0.67605
1139.JPG,0.44172
1140.JPG,0.51902
1141.JPG,0.70674
1142.JPG,0.71764
1143.JPG,0.61106
1144.JPG,0.71272
1145.JPG,0.4721
1146.JPG,0.73205
1147.JPG,0.75835
1148.JPG,0.48453
1149.JPG,0.72127
1150.JPG,0.68197
1151.JPG,0.58643
1152.JPG,0.61852
1153.JPG,0.71126
1154.JPG,0.28091
1155.JPG,0.74363
1156.JPG,0.28811
1157.JPG,0.5186
1158.JPG,0.48145
1159.JPG,0.47836
1160.bmp,0.21686
1161.bmp,0.119
1162.bmp,0.62662
1163.bmp,0.87066
1164.bmp,0.72754
